{
  "model": "resnet",
  "accuracy": 0.9833333333333333,
  "macro_f1": 0.9833315597620493,
  "auc_macro": 0.9996499013806707
}