{
  "model": "resnet",
  "accuracy": 0.9946695095948828,
  "macro_f1": 0.9946679844733267,
  "auc_macro": 0.999935594643293
}