{
  "model": "random_forest+efficientnet",
  "accuracy": 0.9918265813788202,
  "macro_f1": 0.9918391143012407,
  "auc_macro": 0.9998692239760686
}