{
  "model": "random_forest+efficientnet",
  "accuracy": 0.9961538461538462,
  "macro_f1": 0.9961538319298517,
  "auc_macro": 0.9999580867850099
}