{
  "model": "efficientnet",
  "accuracy": 0.9923076923076923,
  "macro_f1": 0.9923002245459059,
  "auc_macro": 0.9998841222879685
}