{
  "model": "efficientnet",
  "accuracy": 0.994136460554371,
  "macro_f1": 0.994140973548356,
  "auc_macro": 0.9999264074085862
}