{
  "model": "random_forest+resnet",
  "accuracy": 0.9914712153518124,
  "macro_f1": 0.9914635656225722,
  "auc_macro": 0.9998426567664268
}