{
  "model": "random_forest+resnet",
  "accuracy": 0.982051282051282,
  "macro_f1": 0.9820553290444559,
  "auc_macro": 0.9992603550295858
}