{
  "model": "xgboost+resnet",
  "accuracy": 0.9846153846153847,
  "macro_f1": 0.9846125853511697,
  "auc_macro": 0.9992332347140039
}