{
  "model": "xgboost+resnet",
  "accuracy": 0.9920042643923241,
  "macro_f1": 0.991997370335053,
  "auc_macro": 0.9998568401519664
}