{
  "model": "xgboost+efficientnet",
  "accuracy": 0.9928926794598436,
  "macro_f1": 0.9928964472702143,
  "auc_macro": 0.9998971882136681
}